char,name
᐀,Syllabe canadienne trait d’union
ᐁ,Syllabe canadienne é
ᐂ,Syllabe canadienne âï
ᐃ,Syllabe canadienne i
ᐄ,Syllabe canadienne î
ᐅ,Syllabe canadienne o
ᐆ,Syllabe canadienne ô
ᐇ,Syllabe canadienne ô cri-y
ᐈ,Syllabe canadienne é porteur
ᐉ,Syllabe canadienne i porteur
ᐊ,Syllabe canadienne a
ᐋ,Syllabe canadienne â
ᐌ,Syllabe canadienne oué
ᐍ,Syllabe canadienne oué cri des plaines
ᐎ,Syllabe canadienne oui
ᐏ,Syllabe canadienne oui cri des plaines
ᐐ,Syllabe canadienne ouî
ᐑ,Syllabe canadienne ouî cri des plaines
ᐒ,Syllabe canadienne ouo
ᐓ,Syllabe canadienne ouo cri des plaines
ᐔ,Syllabe canadienne ouô
ᐕ,Syllabe canadienne ouô cri des plaines
ᐖ,Syllabe canadienne ouô naskapi
ᐗ,Syllabe canadienne oua
ᐘ,Syllabe canadienne oua cri des plaines
ᐙ,Syllabe canadienne ouâ
ᐚ,Syllabe canadienne ouâ cri des plaines
ᐛ,Syllabe canadienne ouâ naskapi
ᐜ,Syllabe canadienne aï
ᐝ,Syllabe canadienne ou cri-y
ᐞ,Syllabe canadienne coup de glotte
ᐟ,Syllabe canadienne finale accent aigu
ᐠ,Syllabe canadienne finale accent grave
ᐡ,Syllabe canadienne finale demi-cercle inférieur
ᐢ,Syllabe canadienne finale demi-cercle supérieur
ᐣ,Syllabe canadienne finale demi-cercle à droite
ᐤ,Syllabe canadienne finale cercle
ᐥ,Syllabe canadienne finale double accent aigu
ᐦ,Syllabe canadienne finale doubles traits verticaux courts
ᐧ,Syllabe canadienne finale point médian
ᐨ,Syllabe canadienne finale trait horizontal court
ᐩ,Syllabe canadienne finale signe plus
ᐪ,Syllabe canadienne finale taquet vers le bas
ᐫ,Syllabe canadienne enne
ᐬ,Syllabe canadienne inne
ᐭ,Syllabe canadienne onne
ᐮ,Syllabe canadienne anne
ᐯ,Syllabe canadienne pé
ᐰ,Syllabe canadienne pâï
ᐱ,Syllabe canadienne pi
ᐲ,Syllabe canadienne pî
ᐳ,Syllabe canadienne po
ᐴ,Syllabe canadienne pô
ᐵ,Syllabe canadienne pô cri-y
ᐶ,Syllabe canadienne hé porteur
ᐷ,Syllabe canadienne hi porteur
ᐸ,Syllabe canadienne pa
ᐹ,Syllabe canadienne pâ
ᐺ,Syllabe canadienne poué
ᐻ,Syllabe canadienne poué cri des plaines
ᐼ,Syllabe canadienne poui
ᐽ,Syllabe canadienne poui cri des plaines
ᐾ,Syllabe canadienne pouî
ᐿ,Syllabe canadienne pouî cri des plaines
ᑀ,Syllabe canadienne pouo
ᑁ,Syllabe canadienne pouo cri des plaines
ᑂ,Syllabe canadienne pouô
ᑃ,Syllabe canadienne pouô cri des plaines
ᑄ,Syllabe canadienne poua
ᑅ,Syllabe canadienne poua cri des plaines
ᑆ,Syllabe canadienne pouâ
ᑇ,Syllabe canadienne pouâ cri des plaines
ᑈ,Syllabe canadienne pouâ cri-y
ᑉ,Syllabe canadienne p
ᑊ,Syllabe canadienne p cri des plaines
ᑋ,Syllabe canadienne h porteur
ᑌ,Syllabe canadienne té
ᑍ,Syllabe canadienne tâï
ᑎ,Syllabe canadienne ti
ᑏ,Syllabe canadienne tî
ᑐ,Syllabe canadienne to
ᑑ,Syllabe canadienne tô
ᑒ,Syllabe canadienne tô cri-y
ᑓ,Syllabe canadienne dé porteur
ᑔ,Syllabe canadienne di porteur
ᑕ,Syllabe canadienne ta
ᑖ,Syllabe canadienne tâ
ᑗ,Syllabe canadienne toué
ᑘ,Syllabe canadienne toué cri des plaines
ᑙ,Syllabe canadienne toui
ᑚ,Syllabe canadienne toui cri des plaines
ᑛ,Syllabe canadienne touî
ᑜ,Syllabe canadienne touî cri des plaines
ᑝ,Syllabe canadienne touo
ᑞ,Syllabe canadienne touo cri des plaines
ᑟ,Syllabe canadienne touô
ᑠ,Syllabe canadienne touô cri des plaines
ᑡ,Syllabe canadienne toua
ᑢ,Syllabe canadienne toua cri des plaines
ᑣ,Syllabe canadienne touâ
ᑤ,Syllabe canadienne touâ cri des plaines
ᑥ,Syllabe canadienne touâ naskapi
ᑦ,Syllabe canadienne t
ᑧ,Syllabe canadienne tté
ᑨ,Syllabe canadienne tti
ᑩ,Syllabe canadienne tto
ᑪ,Syllabe canadienne tta
ᑫ,Syllabe canadienne ké
ᑬ,Syllabe canadienne kâï
ᑭ,Syllabe canadienne ki
ᑮ,Syllabe canadienne kî
ᑯ,Syllabe canadienne ko
ᑰ,Syllabe canadienne kô
ᑱ,Syllabe canadienne kô cri-y
ᑲ,Syllabe canadienne ka
ᑳ,Syllabe canadienne kâ
ᑴ,Syllabe canadienne koué
ᑵ,Syllabe canadienne koué cri des plaines
ᑶ,Syllabe canadienne koui
ᑷ,Syllabe canadienne koui cri des plaines
ᑸ,Syllabe canadienne kouî
ᑹ,Syllabe canadienne kouî cri des plaines
ᑺ,Syllabe canadienne kouo
ᑻ,Syllabe canadienne kouo cri des plaines
ᑼ,Syllabe canadienne kouô
ᑽ,Syllabe canadienne kouô cri des plaines
ᑾ,Syllabe canadienne koua
ᑿ,Syllabe canadienne koua cri des plaines
ᒀ,Syllabe canadienne kouâ
ᒁ,Syllabe canadienne kouâ cri des plaines
ᒂ,Syllabe canadienne kouâ naskapi
ᒃ,Syllabe canadienne k
ᒄ,Syllabe canadienne kou
ᒅ,Syllabe canadienne kéh esclave du sud
ᒆ,Syllabe canadienne kih esclave du sud
ᒇ,Syllabe canadienne koh esclave du sud
ᒈ,Syllabe canadienne kah esclave du sud
ᒉ,Syllabe canadienne tché
ᒊ,Syllabe canadienne tchâï
ᒋ,Syllabe canadienne tchi
ᒌ,Syllabe canadienne tchî
ᒍ,Syllabe canadienne tcho
ᒎ,Syllabe canadienne tchô
ᒏ,Syllabe canadienne tchô cri-y
ᒐ,Syllabe canadienne tcha
ᒑ,Syllabe canadienne tchâ
ᒒ,Syllabe canadienne tchoué
ᒓ,Syllabe canadienne tchoué cri des plaines
ᒔ,Syllabe canadienne tchoui
ᒕ,Syllabe canadienne tchoui cri des plaines
ᒖ,Syllabe canadienne tchouî
ᒗ,Syllabe canadienne tchouî cri des plaines
ᒘ,Syllabe canadienne tchouo
ᒙ,Syllabe canadienne tchouo cri des plaines
ᒚ,Syllabe canadienne tchouô
ᒛ,Syllabe canadienne tchouô cri des plaines
ᒜ,Syllabe canadienne tchoua
ᒝ,Syllabe canadienne tchoua cri des plaines
ᒞ,Syllabe canadienne tchouâ
ᒟ,Syllabe canadienne tchouâ cri des plaines
ᒠ,Syllabe canadienne tchouâ naskapi
ᒡ,Syllabe canadienne tch
ᒢ,Syllabe canadienne th sayissi
ᒣ,Syllabe canadienne mé
ᒤ,Syllabe canadienne mâï
ᒥ,Syllabe canadienne mi
ᒦ,Syllabe canadienne mî
ᒧ,Syllabe canadienne mo
ᒨ,Syllabe canadienne mô
ᒩ,Syllabe canadienne mô cri-y
ᒪ,Syllabe canadienne ma
ᒫ,Syllabe canadienne mâ
ᒬ,Syllabe canadienne moué
ᒭ,Syllabe canadienne moué cri des plaines
ᒮ,Syllabe canadienne moui
ᒯ,Syllabe canadienne moui cri des plaines
ᒰ,Syllabe canadienne mouî
ᒱ,Syllabe canadienne mouî cri des plaines
ᒲ,Syllabe canadienne mouo
ᒳ,Syllabe canadienne mouo cri des plaines
ᒴ,Syllabe canadienne mouô
ᒵ,Syllabe canadienne mouô cri des plaines
ᒶ,Syllabe canadienne moua
ᒷ,Syllabe canadienne moua cri des plaines
ᒸ,Syllabe canadienne mouâ
ᒹ,Syllabe canadienne mouâ cri des plaines
ᒺ,Syllabe canadienne mouâ naskapi
ᒻ,Syllabe canadienne m
ᒼ,Syllabe canadienne m cri des plaines
ᒽ,Syllabe canadienne mh
ᒾ,Syllabe canadienne m athabascan
ᒿ,Syllabe canadienne m sayissi
ᓀ,Syllabe canadienne né
ᓁ,Syllabe canadienne nâï
ᓂ,Syllabe canadienne ni
ᓃ,Syllabe canadienne nî
ᓄ,Syllabe canadienne no
ᓅ,Syllabe canadienne nô
ᓆ,Syllabe canadienne nô cri-y
ᓇ,Syllabe canadienne na
ᓈ,Syllabe canadienne nâ
ᓉ,Syllabe canadienne noué
ᓊ,Syllabe canadienne noué cri des plaines
ᓋ,Syllabe canadienne noua
ᓌ,Syllabe canadienne noua cri des plaines
ᓍ,Syllabe canadienne nouâ
ᓎ,Syllabe canadienne nouâ cri des plaines
ᓏ,Syllabe canadienne nouâ naskapi
ᓐ,Syllabe canadienne n
ᓑ,Syllabe canadienne ng porteur
ᓒ,Syllabe canadienne nh
ᓓ,Syllabe canadienne lé
ᓔ,Syllabe canadienne lâï
ᓕ,Syllabe canadienne li
ᓖ,Syllabe canadienne lî
ᓗ,Syllabe canadienne lo
ᓘ,Syllabe canadienne lô
ᓙ,Syllabe canadienne lô cri-y
ᓚ,Syllabe canadienne la
ᓛ,Syllabe canadienne lâ
ᓜ,Syllabe canadienne loué
ᓝ,Syllabe canadienne loué cri des plaines
ᓞ,Syllabe canadienne loui
ᓟ,Syllabe canadienne loui cri des plaines
ᓠ,Syllabe canadienne louî
ᓡ,Syllabe canadienne louî cri des plaines
ᓢ,Syllabe canadienne louo
ᓣ,Syllabe canadienne louo cri des plaines
ᓤ,Syllabe canadienne louô
ᓥ,Syllabe canadienne louô cri des plaines
ᓦ,Syllabe canadienne loua
ᓧ,Syllabe canadienne loua cri des plaines
ᓨ,Syllabe canadienne louâ
ᓩ,Syllabe canadienne louâ cri des plaines
ᓪ,Syllabe canadienne l
ᓫ,Syllabe canadienne l cri des plaines
ᓬ,Syllabe canadienne l médial
ᓭ,Syllabe canadienne sé
ᓮ,Syllabe canadienne sâï
ᓯ,Syllabe canadienne si
ᓰ,Syllabe canadienne sî
ᓱ,Syllabe canadienne so
ᓲ,Syllabe canadienne sô
ᓳ,Syllabe canadienne sô cri-y
ᓴ,Syllabe canadienne sa
ᓵ,Syllabe canadienne sâ
ᓶ,Syllabe canadienne soué
ᓷ,Syllabe canadienne soué cri des plaines
ᓸ,Syllabe canadienne soui
ᓹ,Syllabe canadienne soui cri des plaines
ᓺ,Syllabe canadienne souî
ᓻ,Syllabe canadienne souî cri des plaines
ᓼ,Syllabe canadienne souo
ᓽ,Syllabe canadienne souo cri des plaines
ᓾ,Syllabe canadienne souô
ᓿ,Syllabe canadienne souô cri des plaines
ᔀ,Syllabe canadienne soua
ᔁ,Syllabe canadienne soua cri des plaines
ᔂ,Syllabe canadienne souâ
ᔃ,Syllabe canadienne souâ cri des plaines
ᔄ,Syllabe canadienne souâ naskapi
ᔅ,Syllabe canadienne s
ᔆ,Syllabe canadienne s athabascan
ᔇ,Syllabe canadienne sou
ᔈ,Syllabe canadienne s pied-noir
ᔉ,Syllabe canadienne sk cri de moose
ᔊ,Syllabe canadienne skou naskapi
ᔋ,Syllabe canadienne s-ou naskapi
ᔌ,Syllabe canadienne spoua naskapi
ᔍ,Syllabe canadienne stoua naskapi
ᔎ,Syllabe canadienne skoua naskapi
ᔏ,Syllabe canadienne stchoua naskapi
ᔐ,Syllabe canadienne ché
ᔑ,Syllabe canadienne chi
ᔒ,Syllabe canadienne chî
ᔓ,Syllabe canadienne cho
ᔔ,Syllabe canadienne chô
ᔕ,Syllabe canadienne cha
ᔖ,Syllabe canadienne châ
ᔗ,Syllabe canadienne choué
ᔘ,Syllabe canadienne choué cri des plaines
ᔙ,Syllabe canadienne choui
ᔚ,Syllabe canadienne choui cri des plaines
ᔛ,Syllabe canadienne chouî
ᔜ,Syllabe canadienne chouî cri des plaines
ᔝ,Syllabe canadienne chouo
ᔞ,Syllabe canadienne chouo cri des plaines
ᔟ,Syllabe canadienne chouô
ᔠ,Syllabe canadienne chouô cri des plaines
ᔡ,Syllabe canadienne choua
ᔢ,Syllabe canadienne choua cri des plaines
ᔣ,Syllabe canadienne chouâ
ᔤ,Syllabe canadienne chouâ cri des plaines
ᔥ,Syllabe canadienne ch
ᔦ,Syllabe canadienne yé
ᔧ,Syllabe canadienne yâï
ᔨ,Syllabe canadienne yi
ᔩ,Syllabe canadienne yî
ᔪ,Syllabe canadienne yo
ᔫ,Syllabe canadienne yô
ᔬ,Syllabe canadienne yô cri-y
ᔭ,Syllabe canadienne ya
ᔮ,Syllabe canadienne yâ
ᔯ,Syllabe canadienne youé
ᔰ,Syllabe canadienne youé cri des plaines
ᔱ,Syllabe canadienne youi
ᔲ,Syllabe canadienne youi cri des plaines
ᔳ,Syllabe canadienne youî
ᔴ,Syllabe canadienne youî cri des plaines
ᔵ,Syllabe canadienne youo
ᔶ,Syllabe canadienne youo cri des plaines
ᔷ,Syllabe canadienne youô
ᔸ,Syllabe canadienne youô cri des plaines
ᔹ,Syllabe canadienne youa
ᔺ,Syllabe canadienne youa cri des plaines
ᔻ,Syllabe canadienne youâ
ᔼ,Syllabe canadienne youâ cri des plaines
ᔽ,Syllabe canadienne youâ naskapi
ᔾ,Syllabe canadienne y
ᔿ,Syllabe canadienne y cri biblique
ᕀ,Syllabe canadienne y cri des plaines
ᕁ,Syllabe canadienne yi sayissi
ᕂ,Syllabe canadienne ré
ᕃ,Syllabe canadienne ré cri-r
ᕄ,Syllabe canadienne lé cri des plaines
ᕅ,Syllabe canadienne râï
ᕆ,Syllabe canadienne ri
ᕇ,Syllabe canadienne rî
ᕈ,Syllabe canadienne ro
ᕉ,Syllabe canadienne rô
ᕊ,Syllabe canadienne lo cri des plaines
ᕋ,Syllabe canadienne ra
ᕌ,Syllabe canadienne râ
ᕍ,Syllabe canadienne la cri des plaines
ᕎ,Syllabe canadienne rouâ
ᕏ,Syllabe canadienne rouâ cri des plaines
ᕐ,Syllabe canadienne r
ᕑ,Syllabe canadienne r cri des plaines
ᕒ,Syllabe canadienne r médial
ᕓ,Syllabe canadienne fé
ᕔ,Syllabe canadienne fâï
ᕕ,Syllabe canadienne fi
ᕖ,Syllabe canadienne fî
ᕗ,Syllabe canadienne fo
ᕘ,Syllabe canadienne fô
ᕙ,Syllabe canadienne fa
ᕚ,Syllabe canadienne fâ
ᕛ,Syllabe canadienne fouâ
ᕜ,Syllabe canadienne fouâ cri des plaines
ᕝ,Syllabe canadienne f
ᕞ,Syllabe canadienne thé
ᕟ,Syllabe canadienne thé cri-n
ᕠ,Syllabe canadienne thi
ᕡ,Syllabe canadienne thi cri-n
ᕢ,Syllabe canadienne thî
ᕣ,Syllabe canadienne thî cri-n
ᕤ,Syllabe canadienne tho
ᕥ,Syllabe canadienne thô
ᕦ,Syllabe canadienne tha
ᕧ,Syllabe canadienne thâ
ᕨ,Syllabe canadienne thouâ
ᕩ,Syllabe canadienne thouâ cri des plaines
ᕪ,Syllabe canadienne th
ᕫ,Syllabe canadienne tthé
ᕬ,Syllabe canadienne tthi
ᕭ,Syllabe canadienne ttho
ᕮ,Syllabe canadienne ttha
ᕯ,Syllabe canadienne tth
ᕰ,Syllabe canadienne tyé
ᕱ,Syllabe canadienne tyi
ᕲ,Syllabe canadienne tyo
ᕳ,Syllabe canadienne tya
ᕴ,Syllabe canadienne hé du nunavik
ᕵ,Syllabe canadienne hi du nunavik
ᕶ,Syllabe canadienne hî du nunavik
ᕷ,Syllabe canadienne ho du nunavik
ᕸ,Syllabe canadienne hô du nunavik
ᕹ,Syllabe canadienne ha du nunavik
ᕺ,Syllabe canadienne hâ du nunavik
ᕻ,Syllabe canadienne h du nunavik
ᕼ,Syllabe canadienne h du nunavut
ᕽ,Syllabe canadienne hk
ᕾ,Syllabe canadienne qâï
ᕿ,Syllabe canadienne qi
ᖀ,Syllabe canadienne qî
ᖁ,Syllabe canadienne qo
ᖂ,Syllabe canadienne qô
ᖃ,Syllabe canadienne qa
ᖄ,Syllabe canadienne qâ
ᖅ,Syllabe canadienne q
ᖆ,Syllabe canadienne tlhé
ᖇ,Syllabe canadienne tlhi
ᖈ,Syllabe canadienne tlho
ᖉ,Syllabe canadienne tlha
ᖊ,Syllabe canadienne ré cri des plaines
ᖋ,Syllabe canadienne ri cri des plaines
ᖌ,Syllabe canadienne ro cri des plaines
ᖍ,Syllabe canadienne ra cri des plaines
ᖎ,Syllabe canadienne ngâï
ᖏ,Syllabe canadienne ngi
ᖐ,Syllabe canadienne ngî
ᖑ,Syllabe canadienne ngo
ᖒ,Syllabe canadienne ngô
ᖓ,Syllabe canadienne nga
ᖔ,Syllabe canadienne ngâ
ᖕ,Syllabe canadienne ng
ᖖ,Syllabe canadienne nng
ᖗ,Syllabe canadienne ché sayissi
ᖘ,Syllabe canadienne chi sayissi
ᖙ,Syllabe canadienne cho sayissi
ᖚ,Syllabe canadienne cha sayissi
ᖛ,Syllabe canadienne thé cri des bois
ᖜ,Syllabe canadienne thi cri des bois
ᖝ,Syllabe canadienne tho cri des bois
ᖞ,Syllabe canadienne tha cri des bois
ᖟ,Syllabe canadienne th cri des bois
ᖠ,Syllabe canadienne lhi
ᖡ,Syllabe canadienne lhî
ᖢ,Syllabe canadienne lho
ᖣ,Syllabe canadienne lhô
ᖤ,Syllabe canadienne lha
ᖥ,Syllabe canadienne lhâ
ᖦ,Syllabe canadienne lh
ᖧ,Syllabe canadienne thé cri-th
ᖨ,Syllabe canadienne thi cri-th
ᖩ,Syllabe canadienne thî cri-th
ᖪ,Syllabe canadienne tho cri-th
ᖫ,Syllabe canadienne thô cri-th
ᖬ,Syllabe canadienne tha cri-th
ᖭ,Syllabe canadienne thâ cri-th
ᖮ,Syllabe canadienne th cri-th
ᖯ,Syllabe canadienne b aïvilik
ᖰ,Syllabe canadienne é pied-noir
ᖱ,Syllabe canadienne i pied-noir
ᖲ,Syllabe canadienne o pied-noir
ᖳ,Syllabe canadienne a pied-noir
ᖴ,Syllabe canadienne oué pied-noir
ᖵ,Syllabe canadienne oui pied-noir
ᖶ,Syllabe canadienne ouo pied-noir
ᖷ,Syllabe canadienne oua pied-noir
ᖸ,Syllabe canadienne né pied-noir
ᖹ,Syllabe canadienne ni pied-noir
ᖺ,Syllabe canadienne no pied-noir
ᖻ,Syllabe canadienne na pied-noir
ᖼ,Syllabe canadienne ké pied-noir
ᖽ,Syllabe canadienne ki pied-noir
ᖾ,Syllabe canadienne ko pied-noir
ᖿ,Syllabe canadienne ka pied-noir
ᗀ,Syllabe canadienne hé sayissi
ᗁ,Syllabe canadienne hi sayissi
ᗂ,Syllabe canadienne ho sayissi
ᗃ,Syllabe canadienne ha sayissi
ᗄ,Syllabe canadienne ghou porteur
ᗅ,Syllabe canadienne gho porteur
ᗆ,Syllabe canadienne ghe porteur
ᗇ,Syllabe canadienne ghé porteur
ᗈ,Syllabe canadienne ghi porteur
ᗉ,Syllabe canadienne gha porteur
ᗊ,Syllabe canadienne rou porteur
ᗋ,Syllabe canadienne ro porteur
ᗌ,Syllabe canadienne re porteur
ᗍ,Syllabe canadienne ré porteur
ᗎ,Syllabe canadienne ri porteur
ᗏ,Syllabe canadienne ra porteur
ᗐ,Syllabe canadienne ouou porteur
ᗑ,Syllabe canadienne ouo porteur
ᗒ,Syllabe canadienne oue porteur
ᗓ,Syllabe canadienne oué porteur
ᗔ,Syllabe canadienne oui porteur
ᗕ,Syllabe canadienne oua porteur
ᗖ,Syllabe canadienne houou porteur
ᗗ,Syllabe canadienne houo porteur
ᗘ,Syllabe canadienne houe porteur
ᗙ,Syllabe canadienne houé porteur
ᗚ,Syllabe canadienne houi porteur
ᗛ,Syllabe canadienne houa porteur
ᗜ,Syllabe canadienne thou porteur
ᗝ,Syllabe canadienne tho porteur
ᗞ,Syllabe canadienne the porteur
ᗟ,Syllabe canadienne thé porteur
ᗠ,Syllabe canadienne thi porteur
ᗡ,Syllabe canadienne tha porteur
ᗢ,Syllabe canadienne ttou porteur
ᗣ,Syllabe canadienne tto porteur
ᗤ,Syllabe canadienne tte porteur
ᗥ,Syllabe canadienne tté porteur
ᗦ,Syllabe canadienne tti porteur
ᗧ,Syllabe canadienne tta porteur
ᗨ,Syllabe canadienne pou porteur
ᗩ,Syllabe canadienne po porteur
ᗪ,Syllabe canadienne pe porteur
ᗫ,Syllabe canadienne pé porteur
ᗬ,Syllabe canadienne pi porteur
ᗭ,Syllabe canadienne pa porteur
ᗮ,Syllabe canadienne p porteur
ᗯ,Syllabe canadienne gou porteur
ᗰ,Syllabe canadienne go porteur
ᗱ,Syllabe canadienne ge porteur
ᗲ,Syllabe canadienne gé porteur
ᗳ,Syllabe canadienne gi porteur
ᗴ,Syllabe canadienne ga porteur
ᗵ,Syllabe canadienne khou porteur
ᗶ,Syllabe canadienne kho porteur
ᗷ,Syllabe canadienne khe porteur
ᗸ,Syllabe canadienne khé porteur
ᗹ,Syllabe canadienne khi porteur
ᗺ,Syllabe canadienne kha porteur
ᗻ,Syllabe canadienne kkou porteur
ᗼ,Syllabe canadienne kko porteur
ᗽ,Syllabe canadienne kke porteur
ᗾ,Syllabe canadienne kké porteur
ᗿ,Syllabe canadienne kki porteur
ᘀ,Syllabe canadienne kka porteur
ᘁ,Syllabe canadienne kk porteur
ᘂ,Syllabe canadienne nou porteur
ᘃ,Syllabe canadienne no porteur
ᘄ,Syllabe canadienne ne porteur
ᘅ,Syllabe canadienne né porteur
ᘆ,Syllabe canadienne ni porteur
ᘇ,Syllabe canadienne na porteur
ᘈ,Syllabe canadienne mou porteur
ᘉ,Syllabe canadienne mo porteur
ᘊ,Syllabe canadienne me porteur
ᘋ,Syllabe canadienne mé porteur
ᘌ,Syllabe canadienne mi porteur
ᘍ,Syllabe canadienne ma porteur
ᘎ,Syllabe canadienne you porteur
ᘏ,Syllabe canadienne yo porteur
ᘐ,Syllabe canadienne ye porteur
ᘑ,Syllabe canadienne yé porteur
ᘒ,Syllabe canadienne yi porteur
ᘓ,Syllabe canadienne ya porteur
ᘔ,Syllabe canadienne djou porteur
ᘕ,Syllabe canadienne djou sayissi
ᘖ,Syllabe canadienne djo porteur
ᘗ,Syllabe canadienne dje porteur
ᘘ,Syllabe canadienne djé porteur
ᘙ,Syllabe canadienne dji porteur
ᘚ,Syllabe canadienne dji sayissi
ᘛ,Syllabe canadienne dja porteur
ᘜ,Syllabe canadienne djjou porteur
ᘝ,Syllabe canadienne djjo porteur
ᘞ,Syllabe canadienne djje porteur
ᘟ,Syllabe canadienne djjé porteur
ᘠ,Syllabe canadienne djji porteur
ᘡ,Syllabe canadienne djja porteur
ᘢ,Syllabe canadienne lou porteur
ᘣ,Syllabe canadienne lo porteur
ᘤ,Syllabe canadienne le porteur
ᘥ,Syllabe canadienne lé porteur
ᘦ,Syllabe canadienne li porteur
ᘧ,Syllabe canadienne la porteur
ᘨ,Syllabe canadienne dlou porteur
ᘩ,Syllabe canadienne dlo porteur
ᘪ,Syllabe canadienne dle porteur
ᘫ,Syllabe canadienne dlé porteur
ᘬ,Syllabe canadienne dli porteur
ᘭ,Syllabe canadienne dla porteur
ᘮ,Syllabe canadienne lhou porteur
ᘯ,Syllabe canadienne lho porteur
ᘰ,Syllabe canadienne lhe porteur
ᘱ,Syllabe canadienne lhé porteur
ᘲ,Syllabe canadienne lhi porteur
ᘳ,Syllabe canadienne lha porteur
ᘴ,Syllabe canadienne tlhou porteur
ᘵ,Syllabe canadienne tlho porteur
ᘶ,Syllabe canadienne tlhe porteur
ᘷ,Syllabe canadienne tlhé porteur
ᘸ,Syllabe canadienne tlhi porteur
ᘹ,Syllabe canadienne tlha porteur
ᘺ,Syllabe canadienne tlou porteur
ᘻ,Syllabe canadienne tlo porteur
ᘼ,Syllabe canadienne tle porteur
ᘽ,Syllabe canadienne tlé porteur
ᘾ,Syllabe canadienne tli porteur
ᘿ,Syllabe canadienne tla porteur
ᙀ,Syllabe canadienne zou porteur
ᙁ,Syllabe canadienne zo porteur
ᙂ,Syllabe canadienne ze porteur
ᙃ,Syllabe canadienne zé porteur
ᙄ,Syllabe canadienne zi porteur
ᙅ,Syllabe canadienne za porteur
ᙆ,Syllabe canadienne z porteur
ᙇ,Syllabe canadienne z porteur initial
ᙈ,Syllabe canadienne dzou porteur
ᙉ,Syllabe canadienne dzo porteur
ᙊ,Syllabe canadienne dze porteur
ᙋ,Syllabe canadienne dzé porteur
ᙌ,Syllabe canadienne dzi porteur
ᙍ,Syllabe canadienne dza porteur
ᙎ,Syllabe canadienne sou porteur
ᙏ,Syllabe canadienne so porteur
ᙐ,Syllabe canadienne se porteur
ᙑ,Syllabe canadienne sé porteur
ᙒ,Syllabe canadienne si porteur
ᙓ,Syllabe canadienne sa porteur
ᙔ,Syllabe canadienne chou porteur
ᙕ,Syllabe canadienne cho porteur
ᙖ,Syllabe canadienne che porteur
ᙗ,Syllabe canadienne ché porteur
ᙘ,Syllabe canadienne chi porteur
ᙙ,Syllabe canadienne cha porteur
ᙚ,Syllabe canadienne ch porteur
ᙛ,Syllabe canadienne tsou porteur
ᙜ,Syllabe canadienne tso porteur
ᙝ,Syllabe canadienne tse porteur
ᙞ,Syllabe canadienne tsé porteur
ᙟ,Syllabe canadienne tsi porteur
ᙠ,Syllabe canadienne tsa porteur
ᙡ,Syllabe canadienne tchou porteur
ᙢ,Syllabe canadienne tcho porteur
ᙣ,Syllabe canadienne tche porteur
ᙤ,Syllabe canadienne tché porteur
ᙥ,Syllabe canadienne tchi porteur
ᙦ,Syllabe canadienne tcha porteur
ᙧ,Syllabe canadienne ttsou porteur
ᙨ,Syllabe canadienne ttso porteur
ᙩ,Syllabe canadienne ttse porteur
ᙪ,Syllabe canadienne ttsé porteur
ᙫ,Syllabe canadienne ttsi porteur
ᙬ,Syllabe canadienne ttsa porteur
᙭,Signe syllabe canadienne khi
᙮,Point syllabe canadienne
ᙯ,Syllabe canadienne qaï
ᙰ,Syllabe canadienne ngaï
ᙱ,Syllabe canadienne nngi
ᙲ,Syllabe canadienne nngî
ᙳ,Syllabe canadienne nngo
ᙴ,Syllabe canadienne nngô
ᙵ,Syllabe canadienne nnga
ᙶ,Syllabe canadienne nngâ
ᙷ,Syllabe canadienne cri des bois thwee
ᙸ,Syllabe canadienne cri des bois thwi
ᙹ,Syllabe canadienne cri des bois thwii
ᙺ,Syllabe canadienne cri des bois thwo
ᙻ,Syllabe canadienne cri des bois thwoo
ᙼ,Syllabe canadienne cri des bois thwa
ᙽ,Syllabe canadienne cri des bois thwaa
ᙾ,Syllabe canadienne cri des bois t final
ᙿ,Syllabe canadienne pied-noir w
ᢰ,Syllabe canadienne oy
ᢱ,Syllabe canadienne ay
ᢲ,Syllabe canadienne aay
ᢳ,Syllabe canadienne way
ᢴ,Syllabe canadienne poy
ᢵ,Syllabe canadienne pay
ᢶ,Syllabe canadienne pwoy
ᢷ,Syllabe canadienne tay
ᢸ,Syllabe canadienne kay
ᢹ,Syllabe canadienne kway
ᢺ,Syllabe canadienne may
ᢻ,Syllabe canadienne noy
ᢼ,Syllabe canadienne nay
ᢽ,Syllabe canadienne lay
ᢾ,Syllabe canadienne soy
ᢿ,Syllabe canadienne say
ᣀ,Syllabe canadienne shoy
ᣁ,Syllabe canadienne shay
ᣂ,Syllabe canadienne shwoy
ᣃ,Syllabe canadienne yoy
ᣄ,Syllabe canadienne yay
ᣅ,Syllabe canadienne ray
ᣆ,Syllabe canadienne nwi
ᣇ,Syllabe canadienne ojibwé nwi
ᣈ,Syllabe canadienne nwii
ᣉ,Syllabe canadienne ojibwé nwii
ᣊ,Syllabe canadienne nwo
ᣋ,Syllabe canadienne ojibwé nwo
ᣌ,Syllabe canadienne nwoo
ᣍ,Syllabe canadienne ojibwé nwoo
ᣎ,Syllabe canadienne rwee
ᣏ,Syllabe canadienne rwi
ᣐ,Syllabe canadienne rwii
ᣑ,Syllabe canadienne rwo
ᣒ,Syllabe canadienne rwoo
ᣓ,Syllabe canadienne rwa
ᣔ,Syllabe canadienne ojibwé p
ᣕ,Syllabe canadienne ojibwé t
ᣖ,Syllabe canadienne ojibwé k
ᣗ,Syllabe canadienne ojibwé c
ᣘ,Syllabe canadienne ojibwé m
ᣙ,Syllabe canadienne ojibwé n
ᣚ,Syllabe canadienne ojibwé s
ᣛ,Syllabe canadienne ojibwé sh
ᣜ,Syllabe canadienne de l’est w
ᣝ,Syllabe canadienne de l’ouest w
ᣞ,Syllabe canadienne finale petit rond
ᣟ,Syllabe canadienne finale point élevé
ᣠ,Syllabe canadienne cri-r rwe
ᣡ,Syllabe canadienne cri des plaines loo
ᣢ,Syllabe canadienne cri des plaines laa
ᣣ,Syllabe canadienne thwe
ᣤ,Syllabe canadienne thwa
ᣥ,Syllabe canadienne tthwe
ᣦ,Syllabe canadienne tthoo
ᣧ,Syllabe canadienne tthaa
ᣨ,Syllabe canadienne tlhwe
ᣩ,Syllabe canadienne tlhoo
ᣪ,Syllabe canadienne sayisi shwe
ᣫ,Syllabe canadienne sayisi shoo
ᣬ,Syllabe canadienne sayisi hoo
ᣭ,Syllabe canadienne porteur gwu
ᣮ,Syllabe canadienne porteur dene gee
ᣯ,Syllabe canadienne porteur gaa
ᣰ,Syllabe canadienne porteur gwa
ᣱ,Syllabe canadienne sayisi juu
ᣲ,Syllabe canadienne porteur jwa
ᣳ,Syllabe canadienne déné castor l
ᣴ,Syllabe canadienne déné castor r
ᣵ,Syllabe canadienne porteur s dental